start	end	text
0	16140	Estoy al medio
16140	18500	Casi penúltimo atrás
18500	20360	Le puedo marcar como con coordenadas
20360	29280	Están cambiando de puesto
29280	31720	Y la profe me dejó ir con un compañero
31720	33100	Que le está yendo más o menos mal
33100	34300	Así que lo voy a tener que ayudar
34300	36960	Y con él me está yendo bastante bien
36960	39160	Lo doy en matemáticas, en varios trabajos
39160	42140	Pero más o menos por eso
42140	43180	Llega hasta ahí
43180	45380	Porque me han estado poniendo con gente
45380	46100	Para ayudar parece
46100	48580	Porque como soy más social en el tema de
48580	50100	Conversar con gente
50100	53000	Me ponen con los que son nuevos y tal
58100	58760	Cosas así
59280	63440	Estoy bastante cómodo
63440	63800	Estoy con
63800	64760	Estoy con
64760	65280	Estoy con mi mejor amigo
65280	65800	Fernando
65800	67680	Españero
67680	68500	Si nos reímos
68500	69380	Hacemos trabajo juntos
69380	70140	Tenemos buena
70140	71320	Buena química
71320	79240	Pero si
79240	81400	Como
81400	85500	Lo veo
89280	94800	Tengo
94800	95720	De mejor amigo
95720	96840	Creo que tendría el Fernando
96840	97420	Fernando
97420	98640	Felipe López
98640	101060	Y Ignacia Palomini
101060	102300	Ya está ahí
102300	102880	Muy bien
102880	104600	Sos como los que más me relacionan
104600	105800	Y tengo más confianza y cercanía
105800	109400	Con el López
109400	110680	Más o menos
110680	114940	Si de repente
114940	116000	No pueden jugar a la pelota
116000	116880	Con la pelota
116880	117600	Hacemos trabajo
119280	127000	Sí
127000	129900	Sí
129900	131620	Principalmente al medio
131620	132880	No me han cambiado del medio
132880	133900	Simplemente en el medio
133900	138860	Porque
138860	140560	Soy más social
140560	141440	Tengo más
141440	143280	Soy más social en el sentido
143280	144220	De conocer más gente
144220	146280	Y soy buena para agarrar confianza
146280	147240	En el sentido de
147240	150360	No sé cómo
150360	151080	Pero
151080	158740	Soy bastante social
158740	160560	Es lo que no hay gente
160560	160960	De medio
160960	161380	Y de repente
161380	161800	Con los niños
161800	162100	Chivo
176280	178960	Acertado
178960	184000	Sí
184000	190000	Me gusta apoyar
190000	198040	De repente
198040	198720	Hablamos
198720	200080	Doy consejos
200080	201140	Soy buena para dar consejos
201140	202720	Pero nunca para realizarlo
202720	207220	Tengo una vista
207220	207880	Bastante positiva
207880	209080	Para que todo salga bien
209080	211020	Y eso
211020	211560	Principalmente
211560	212220	Yo creo
212220	213720	Excelente
213720	219140	Me parece
219140	222560	Sí
222560	223380	Desde prekinder
223380	225080	Yo fundé este colegio
225080	225980	Con mis propios manos
243720	254400	Tercero y segundo básico
254400	259260	Estaba lleno de cualquier
259260	259900	Cada día
259900	260700	Era algo nuevo
260700	261760	O se peleaban
261760	263040	O sea
263040	264660	El conflicto era constante
264660	265600	Todos nos llevamos
265600	266340	De alguna manera bien
266340	268080	Pero se peleaban de broma
268080	271120	Me acuerdo
271120	272240	Bastante tipos buenos
272240	274040	Tanto como en el colegio
274040	274880	Como fuera el colegio
274880	276600	Habían varias cosas
276600	278240	Me acuerdo que
278240	278840	Teníamos
278840	279600	Entre nosotros
279600	281020	Desde el tercero básico
281020	282320	Teníamos una historia de terror
282320	282780	Porque
282780	284180	Había una casa
284180	285200	Que tenía como una muñeca
285200	285520	Viendo
285520	286600	Decíamos que era una niña
286600	287340	Moderna o algo así
287340	290020	Estábamos chicos
290020	297660	O sea
297660	299580	Actualmente
299580	300800	Más o menos
300800	301480	Pero mío sí
302240	309100	Sexto
309100	311300	Promedio
311300	311960	Se y ocho
311960	312520	Se y nueve
312520	313100	Por ahí
313100	316520	No es que todo
316520	316820	Porque
316820	319240	En ese tiempo
319240	320680	No sé
320680	322060	Me va
322060	330620	No me acuerdo muy bien
330620	331060	El motivo
331060	331400	Pero
331400	332500	Soy bueno para
332500	333680	¿Cómo se llama?
334860	335340	Saber
335340	336840	Tengo buena
336840	339800	Sí, aprendo rápido
339800	341120	Pero principalmente
341120	342060	Con ejemplos
342060	342560	No, no
342560	343200	Soy muy mucho
343200	343760	Que me diga
343760	344320	No, que me muestre
344320	345740	Pero que yo lo haga
345740	347040	Ahí aprendo
347040	347700	Bastante rápido
347700	353860	A mí me sale muy bien
353860	358980	Hasta ahora
358980	362840	Siempre digo
362840	363220	Que el actual
363220	363660	Está malo
363660	364140	El próximo año
364140	364720	Digo que el actual
364720	365240	Está malo
365240	365540	Pero
365540	366580	Así como
366580	367720	De acá
367720	368720	Hasta prekinder
368720	369620	Ni uno ha sido malo
369620	370380	De hecho me acuerdo
370380	370820	Cuando una vez
370820	371240	En prekinder
371240	371680	Me retaron
371680	372260	Porque me cambiaron
372260	372540	De puesto
372540	373100	Y yo fui a pedir
373100	373400	Permiso
373400	373820	Que me cambiaron
373820	374220	De puesto
374220	374780	Y me dijeron
374780	375100	Que sí
375100	376380	Después me retaron
376380	377780	Que me fueran
377780	378220	A mi puesto
378220	380140	Solo
380140	384540	Sí
384540	395540	O sea
395540	396580	¿Pasaste del 6-8?
398580	399420	No, no
399420	399940	Es que
399940	401080	Me fue mal en una
401080	401960	Porque no
401960	402940	No entendí bien
402940	403560	A qué se refería
403560	403880	Que la tía
403880	404200	Porque
404200	405040	Bueno
405040	406000	Mi nota más baja
406000	406600	Fue un 3
406600	407980	Un rojo
407980	409820	Un séptimo
409820	410600	Lenguaje
410600	413040	Promidí 5
413040	413840	Y después
413840	414880	El próximo semestre
414880	415340	Porque ese fue
415340	415980	El primer semestre
415980	416860	El próximo semestre
416860	418680	Del 6-7 para arriba
418680	420720	Ahí como que
420720	421040	Largo
421040	433820	Pasarte un poco
433820	434640	Con mi compañero
434640	436000	Ganan bastante bien
436000	436860	Chistoso
436860	437640	Son buenos
437640	438300	Para los monos
438300	440760	Del colegio
440760	441780	Así como enseñanza
441780	443320	Tiene bastantes tipos
443320	444000	De enseñanza
444000	444620	Son buenos
444620	445580	Bastante variedad
445580	447640	También el hecho
447640	447960	Que hay
447960	448280	De
448280	448940	¿Cómo se llama?
450580	451160	Hay varias
451160	452220	De este tipo
452220	452880	De salas
452880	454420	Esa variedad
454420	455000	Hay bastante
455000	456880	Claro
456880	458600	Y fútbol
458600	459980	Hay tres escolares
459980	461100	Y hay uno de fútbol
461100	461640	Es muy bueno
461640	463320	Gabriela sabe
463320	463720	Lo que es
463720	464580	Y es muy bueno
464580	466340	Me gusta
466340	472720	Juego a la pelota
472720	475960	Sí
475960	475980	Sí
475980	478900	De repente voy
478900	480320	Me con el pasquillo
480320	481800	No voy
481800	482400	No puedo ir mucho
482400	482720	Porque
482720	483940	Mis papás
483940	485000	Trabajan hasta las 8
485000	486580	Y el entrenamiento
486580	488040	Los días martes
488040	488480	Que es justo
488480	488920	Cuando comienza
488920	489760	El entrenamiento acá
489760	492340	Comenzan como a las 6
492340	494000	Y terminan como a las 8
494000	496840	Es que no tengo
496840	497560	Nadie que me lleve
497560	498000	Como tal
498000	499060	¿Te quedas muy lejos?
499260	500080	¿No podés ir solo?
500600	501260	No, no podés
501260	502680	Genial
502680	504100	O sea, no me dejas
504100	504520	Más que todo
504520	511540	O sea, no
511540	512580	Me vienen a dejar
512580	513400	Y me voy en bus
513400	515960	Sí
515960	517380	Voy a dejar a mi padre
517380	518580	Un camioneta celeste
518580	520060	¿Me?
520140	520420	Sí
520420	520740	No
520740	520860	Sí
520860	521780	Sí
521780	521840	Sí
521840	551820	Gracias por ver el video.
551840	557160	¿Qué? No soy bueno para tematizar en cosas malas, no sé, todo me parece bien, pero...
557160	558140	Pero deberá haber algo que nomás.
560660	561360	O sea, ¿qué?
565940	573000	Que ahora los días lunes y miércoles solamente en nuestro curso podemos jugar fútbol, como tal el deporte.
573820	574840	Y los días...
575380	580940	Antes no era así, antes todos podían jugar, pero ahora porque había muchos balonazos y porque ocupaban mucho espacio.
581840	582340	¿Qué?
590740	594840	Sí, uno lo ocupamos para educación física o...
594840	597300	Porque ya podrían jugar...
597300	598840	Ah, eso es como las...
600680	601240	No, dejan.
601900	605020	Queda completamente cerrado la iglesia, que los niños se pueden salir porque hay otras casas para allá.
607640	608480	¿Qué ha pasado que...
611840	613900	A Baza?
614560	614840	Mira.
614980	615820	He escuchado rumores.
616200	617840	No sé quién es, pero fue...
618880	620060	De hecho, mi hermana estaba acá.
620720	621340	En este colegio.
622320	622840	¿Tú, Marco, lo...
623540	624100	Lo conoces?
625380	627240	Creo que estuvo desde primero hasta octavo.
627980	629040	Lo cambiaron a medio.
629200	629840	Van a hacer lo mismo.
630300	631880	Van a cambiar a algún colegio por ahí.
633280	635040	Y te lo meto una vez a buscar un poco por ahí.
639240	640100	O sea, no sé.
641840	647300	Porque hasta lo que tengo extendido, yo me quiero ir a meter a la milicia, a la infantería marina.
647980	648260	Niña.
649700	654900	Y hasta lo que tengo extendido, para eso necesitaría lo más posible.
655160	656520	O sea, como este tipo de colegios.
657880	661980	Que sean de enseñanza más básica, por así decirlo.
662800	663860	O sea, que sean como más variedad.
663860	665180	No es como tanto...
665180	666780	Porque creo que hay tres...
666780	668000	Tres clases de...
668000	670320	¿Cómo se llama?
671560	672420	No, no me acuerdo.
672680	673500	Pero de media.
673840	674560	En la enseñanza.
675460	676480	Uno que era técnico.
677140	678500	O sea, como...
678500	679320	Trabajo laboral.
679520	680000	Empresa.
680820	681980	Otro que era biológico.
683580	683940	Matemático.
684760	685080	Humanista.
686740	688480	Y el otro que era...
688480	689280	Deportes, parece.
689720	690860	Producción física, algo por el estilo.
691200	692000	No me acuerdo muy bien.
692060	692940	El tío Marco lo había explicado.
693200	693920	Me ponía a preguntar a él.
693920	694360	Sí.
698000	700000	Hermano.
704080	704640	Acabas.
712880	714420	Fue a hacer a medio de otro lado.
714980	716320	Y se metió a...
716320	716900	Aquí y acá.
718660	719220	No, no me acuerdo.
719780	720540	Tengo nuestra información.
722560	723300	Tienes atrás.
726700	727140	Bien.
727140	728480	Me siento bien.
728920	729580	Hay que disfrutarlo.
733300	734860	Sí, no me siento tan...
734860	735860	Preocupado por el futuro.
737380	738820	Pasar de media...
738820	739520	A cuarto.
740260	740980	Pasar a la milicia.
741200	741520	Ajá.
741780	742120	Fácil.
742120	745280	¿Por qué me llaman a la tienda?
745280	747280	¿Por qué me llaman a la tienda?
747280	749280	¿Por qué me llaman a la tienda?
750280	752740	Porque siento que algo bueno, hago algo.
753640	754760	Doy protección a mi país.
755320	756060	Por lo que quiero.
756520	757440	¿Quién sería mi selección?
757900	758440	Chile.
760020	760280	También...
762400	763260	Principalmente eso.
763500	765280	Me gusta lo que es como...
766760	768220	La guardia pública.
768720	769280	La guardia pública.
769280	769440	Sí.
769440	769520	Sí.
769520	769540	Sí.
769540	769600	Sí.
769600	769640	Sí.
769640	769700	Sí.
769700	770100	Sí.
770100	770160	Sí.
770160	770600	Sí.
770600	770660	Sí.
770660	770680	Sí.
770680	770700	Sí.
770700	770720	Sí.
770720	770740	Sí.
770740	770780	Sí.
770780	771160	Sí.
771160	771240	Sí.
771240	772100	Sí.
772100	772420	Sí.
786480	795180	Sí.
795180	800140	Sí.
800140	800640	Sí.
800640	800740	Sí.
800740	801080	Sí.
801080	801220	Sí.
801220	801620	Sí.
801620	802780	¿Computación tal vez?
803940	805800	No lo veo como por ahí, más o menos.
807760	808560	Está tan bien.
810000	811640	Soy bastante flojo, le digo.
811780	812480	La verdad, pero...
812480	813280	En serio.
815400	816560	Pero así como...
824560	825660	Me gusta física.
826100	828320	Me encanta porque veo lo físico,
829040	830200	subo mi ritmo cardíaco,
830400	831520	así como en el sentido de que
831620	834000	yo soy bastante de moverme.
834380	835720	Soy bastante hiperactivo.
836300	838040	Tengo energía todo el rato.
838420	839380	Tengo buena recuperación.
847660	848140	Interesa.
848160	848760	Inglés me interesa.
851980	853080	Me interesa bastante bien.
858620	860080	No soy buena dibujando.
860080	861500	No puedo interesa.
861960	864040	La personalmente no me interesa mucho.
864740	866240	Soy buena para dibujar mapas y hasta ahí.
867300	868500	Coordenada, para ser exacto.
869840	870280	Lenguaje.
871300	872460	No...
872460	873880	Tengo muchas tareas, mucho escribir.
874340	875960	Y no me gusta mucho escribir.
876080	877180	Me gusta hacer acciones.
877180	879320	Así como un movimiento.
881140	882200	Soy buena para hacer parkour también,
882320	882800	no sé.
883500	884840	He podido subirme a estas mesas,
884960	885640	saltecillas.
885900	887020	No tiene nada que ver,
887140	887600	pero no sé,
887680	888380	quería recargarlo.
889480	891020	Soy mejor dando actividad,
891700	893700	haciendo como actividades físicas
893700	895260	en el sentido de escalar,
895600	896660	saltar, correr.
897860	898300	Corro.
899120	899520	¿También?
900080	900800	Sí, corro bastante.
900800	905960	¿Qué poder?
905960	906060	¿Qué poder?
908020	908500	¿Qué poder?
921500	922520	Le cuento todo el buchito
922520	923820	para el Fernan.
924460	925000	No sé.
926160	926780	A veces me paro,
926960	927800	me pongo a dar vueltas.
927800	929520	¿Y los profe te dejan?
929540	930440	O sea, me paro, ¿no?
931500	932180	Me voy a decirle,
932260	932600	hola tía,
933020	933560	me vuelvo.
934520	934760	Me dicen.
936260	937020	¿Te ayuda a calmar
937020	937680	tan necesito?
938440	938720	Claro.
939140	939360	No sé,
939440	940260	depende de mi movimiento,
940360	941100	mi estado emocional
941100	941740	más o menos a veces.
942420	943060	No, no sé,
943140	943460	menos todo.
946040	946400	Sí.
947080	947620	Estar activo todo el día.
947620	947940	Lo que tú dices,
948060	949280	como que haciendo cosas.
957800	966240	que primero
966240	968060	enseñen de forma básica,
968140	968820	como siempre lo hacen,
968900	969740	que no explican y tal.
970220	970940	Después un ejemplo,
971340	971980	creo que es más bueno
971980	972900	lo que hacer normalmente,
973680	974460	pero quizás más variado
974460	975000	el ejemplo,
975120	975960	no tanta explicación.
976440	976620	Ya.
978120	978820	Eso estaría bueno,
978900	979840	o que le vayan preguntando
979840	980760	a cada uno,
981560	982700	o que sería muy demoroso.
982700	983700	No,
986480	986980	yo creo que lo están
986980	987480	haciendo bien.
987680	988860	Así como para generalizarla
988860	989320	entre todos,
989500	990280	lo están haciendo bien.
993340	994000	Educación física.
994460	994880	Tío Juan.
996440	997240	El tío Juan,
997880	998420	de alguna manera,
998500	999140	no soporta.
999700	1000560	Es muy bueno,
1000960	1001520	buena persona,
1001520	1002520	tiene buen...
1002520	1003460	es chistoso,
1003640	1004180	tiene...
1004180	1004880	tiene humor.
1006460	1006940	Y,
1007220	1007540	¿cómo se llama?
1007600	1008900	Es bastante razonable.
1009440	1009660	O sea,
1009720	1010160	no es razonable.
1010360	1010860	Sí, aparte,
1010980	1011520	pero...
1011520	1013800	entiende a los demás,
1014220	1015320	tiene buenas soluciones.
1016840	1017320	Hace la pedo.
1017900	1018480	Es muy bueno.
1018620	1019120	Es muy bueno.
1019240	1020260	¿Y alguna que no te guste?
1023920	1024280	Ninguno.
1025220	1025880	Se vean todos bien.
1026420	1026900	A su manera.
1029620	1029860	Entonces,
1029860	1030940	tienes como una chispa individual
1030940	1031860	de cada uno que hace...
1037680	1039040	No se sucede que ya está ahí
1039040	1039900	y de repente corro,
1040120	1041500	salto y para afuera.
1041520	1042060	No, no estudio.
1046060	1046840	Me aflojé.
1048700	1049840	Hoy entiendo la materia.
1050120	1050460	Nada de dos.
1051960	1052940	O no la entiendes.
1054880	1055200	¿Cómo?
1055480	1056480	¿Dijiste no la entiendo?
1056560	1057540	No, yo entiendo...
1057540	1058900	O me entiendo bien la materia
1058900	1059880	o me aflojé.
1060340	1060500	Ya.
1060740	1061700	No, pero soy bastante bueno
1061700	1062480	para entender la materia.
1063220	1063900	O sea, con...
1063900	1064320	Con lo que tú...
1064320	1065120	Porque la profeta
1065120	1066480	normalmente lo último que hacen
1066480	1067280	son ejemplos.
1067480	1067700	Ajá.
1068440	1069640	Y ahí es donde yo...
1069640	1071080	Ya voy entendiendo
1071080	1071640	algunos ejemplos.
1071760	1072820	Mi hojita de repente.
1073040	1073400	Ajá.
1073760	1074440	Voy viendo...
1074440	1075440	Ejemplo matemático.
1075980	1077360	Estábamos viendo...
1077360	1077860	Estábamos...
1077860	1078780	Porque hicimos la prueba.
1079140	1080160	Fue bastante bien.
1080240	1080960	Lo hizo con un compañero,
1081000	1081280	el Diego.
1081640	1081960	Ajá.
1082020	1082600	El que está a mi lado.
1082960	1084320	Porque era de dos...
1084320	1084820	Potencias.
1085440	1085680	Bien.
1086580	1087220	Yo entiendo
1087220	1088160	cómo van las potencias
1088160	1088680	y lo hicimos
1088680	1089660	con números enteros.
1090080	1090460	Positivos,
1090540	1091040	negativos.
1091500	1091660	Tal.
1092120	1093380	Yo entendí esa regla.
1093940	1094660	Y me creo que
1094660	1095600	me afaste bastante bien.
1096020	1096500	Qué bueno.
1096500	1097580	De repente
1097580	1098220	me jugué
1098220	1099340	en alguna multiplicación
1099340	1101100	cuando hicimos una guía
1101100	1101840	que tenía la décima.
1102020	1102940	Tres décimas me gané.
1104740	1105040	Digamos.
1114860	1115380	No,
1115460	1116280	estábate bien la información.
1118880	1119100	No.
1119580	1120320	No mucho.
1120640	1121640	Los libros,
1121900	1122600	las pruebas de libro,
1122700	1123160	lenguaje,
1123260	1124180	eso es lo que más...
1124180	1124660	Reviso.
1125420	1125820	Resumen,
1126000	1126440	audio libro,
1126500	1126920	de repente.
1127220	1127960	Lo leí un rato.
1129080	1129800	Pero está ahí.
1132080	1132680	¿Te gusta mucho?
1133360	1133860	No, me gusta.
1137120	1137580	Me aburre.
1137820	1138480	Sí, me aburre.
1138480	1139100	Te cansa.
1139120	1139440	No, no,
1139500	1140780	siento que esté...
1140780	1140960	O sea,
1140980	1141600	es productivo,
1141700	1142660	es bueno leer libros,
1142800	1143760	pero yo soy más
1143760	1144580	de estar moviviendo,
1144700	1145920	así que no...
1145920	1146020	Sí.
1146020	1146080	No,
1146500	1146640	no.
1156500	1158640	compañeros,
1158640	1158680	compañeros,
1159000	1160200	lo pasamos bien.
1160440	1160980	De las pocas veces
1160980	1161680	que puedo compartir
1161680	1162600	con gente de mi edad,
1162960	1164560	porque en mi casa
1164560	1165660	normalmente no salen,
1166460	1166720	o sea,
1166860	1167680	porque están...
1167680	1170060	o están muy malas las cosas,
1170260	1171400	está lleno de gente
1171400	1172600	que no da como
1172600	1173180	para juntarse,
1173640	1174280	muchas embarraditas.
1174280	1176040	Yo soy más tranquilito.
1177560	1177740	O sea,
1177840	1178060	claro.
1179340	1180040	Más tranquilito
1180040	1181060	en el sentido de que
1181060	1182320	no voy a ir
1182320	1182900	y patir a una mesa
1182900	1183780	para asaltarle a un niño,
1183920	1184500	pero...
1184500	1185160	A menos que sea un amigo
1185160	1185600	confíase,
1185700	1185880	claro,
1186000	1187280	pero...
1187280	1189460	No soy de destruir
1189460	1190520	cosas a mí
1190520	1191720	por placer.
1192560	1193580	Todo lo hago sin querer
1193580	1194160	y creo que
1194160	1195180	yo soy de los que menos
1195180	1195400	hacen,
1195540	1196440	pero al mismo tiempo sí.
1197220	1198120	¿Y no están allá?
1199180	1200000	Yo estaba intentando
1200000	1200500	verla,
1200820	1201540	no me acuerdo por qué,
1201780	1202340	ah, ya me acordé,
1202860	1203460	porque pensé
1203460	1204120	que había una araña
1204120	1204460	adentro.
1204540	1204800	¿Qué es?
1205180	1205700	Y quería ver.
1206220	1207100	A ver si era la araña.
1209540	1210280	Y se cayó.
1210940	1211860	No se rompió,
1212120	1212940	yo le intenté arreglar.
1213100	1213900	Después vino un compañero,
1214200	1214980	entró la cosita,
1215640	1216340	dijo yo te ayudo.
1217280	1218320	me ayudó hasta la mitad
1218320	1222080	y ahí explotó.
1228260	1228700	No,
1229060	1229960	al parecer no,
1230180	1231400	porque fue más culpa
1231400	1232460	de mi compañero
1232460	1233320	que vino a ser buena
1233320	1233800	ayudarme,
1233960	1235120	porque yo estaba intentando
1235120	1236120	de...
1236120	1238320	de poner la...
1238320	1239260	de poner el cristal.
1241800	1243000	Después mi compañero
1243000	1243720	fue el que
1243720	1245800	hizo cualquier cosita,
1245960	1246380	yo pensé,
1246420	1246980	ah, ya está bien,
1246980	1247840	porque de mi vista,
1247940	1248640	porque yo estaba afuera.
1248920	1249220	Claro.
1249440	1250120	Ah, ya está bien,
1250440	1251360	no va a haber problema.
1254200	1254840	Y cayó.
1261260	1261620	No,
1261700	1262340	no había mucho gusto.
1262340	1263100	¿Qué es?
1268340	1269680	¿Cómo sería tu colegio ideal?
1270640	1271640	Educación física sería
1271640	1272100	la física.
1274580	1274980	¿Ya?
1276980	1278260	jugar a la pelota.
1278260	1278520	No.
1278520	1278540	No.
1278540	1279120	No.
1279120	1279260	O sea,
1279260	1279600	no sé,
1279700	1281340	porque lo siento
1281340	1282220	como muy apagado.
1282420	1284460	Yo prefiero que sea
1284460	1286260	una clase más activa,
1287060	1288740	más ponerle juego.
1289320	1290940	Porque siento que son muy serios,
1291180	1292620	los chiquillos se aburren.
1294800	1295720	Así como juego,
1296080	1296400	no sé.
1296400	1298180	¿Quién fue el autor?
1298180	1298300	¿Quién fue el autor?
1300860	1303060	John Green o John Seed.
1303620	1304080	Adivinen,
1304180	1304780	muchachos,
1305340	1306440	que dice que John Seed.
1307440	1308180	La, la, la, la,
1308180	1310180	me recordó un...
1310180	1312040	¿Te ha visto Viña del Mar?
1312280	1313540	¿Sabes los chistes de Viña del Mar
1313540	1314340	de 2024?
1314880	1315360	¿Es Libby?
1315800	1316160	No.
1316540	1316780	¿No?
1317040	1318100	Es muy bueno.
1319800	1324940	Que era un chiste muy bueno.
1325500	1327280	Después lo voy a poner aquí.
1327680	1328360	Que mi punto
1328360	1330600	es que pongan más actividad.
1330780	1330940	Ya.
1331320	1332380	Que no sea tanta explicación
1332380	1333600	porque de siempre es lo mismo.
1334000	1335040	Yo prefiero algo más
1335040	1336500	que sea en conjunto,
1336600	1337080	que todos sepan.
1337080	1337280	La luz.
1340180	1347680	Hablando sobre política,
1347860	1348200	más o menos.
1348500	1349020	Algo así.
1350360	1350580	Yeah.
1351440	1353140	¿También fue afuera?
1353420	1353720	Claro.
1354400	1355200	Salir afuera.
1355540	1356000	A veces a nosotros
1356000	1357080	nos dejan siempre encerrados.
1357940	1359260	Una vez nos dejaron salir afuera,
1360280	1360720	estuvo bueno.
1361340	1361760	Terremotió.
1362800	1363500	Tremotó ese día,
1363560	1363820	me acuerdo.
1368220	1368660	Sí.
1368660	1370180	El año pasado.
1370920	1371360	Este año,
1372220	1372800	creo que no,
1372880	1373900	no me acuerdo muy bien.
1374200	1374360	O sea,
1374540	1375320	el tío Roberto,
1375400	1376140	el que está haciendo clase
1376140	1376860	ahora en esta hora,
1377980	1379500	nos hizo una salida
1379500	1381500	a un...
1381500	1382980	¿Dónde van las encenitas?
1383100	1383720	Por así como era.
1383940	1384660	El hogar de...
1384660	1385340	El hogar de Cieno,
1385400	1385620	claro.
1386180	1387020	Estuvo bueno.
1387340	1387900	Sí, compañero,
1387980	1388540	no más pudimos ir
1388540	1389720	por temas del tamaño
1389720	1390240	del vehículo.
1391800	1392200	Después,
1392440	1393660	no me acuerdo muy bien
1393660	1395020	qué otras salidas
1395020	1395420	hemos hecho.
1396660	1397660	En el séptimo,
1398660	1400500	fuimos a una cosa
1400500	1401040	de peinball,
1401400	1402620	escalada y exploración
1402620	1403200	por cerro.
1404480	1405080	Todo mal.
1406380	1407820	Pero graciosísimo.
1409060	1410360	Entramos por una tubería
1410360	1411000	media rara
1411000	1411720	que estaban encima
1411720	1412240	de un puente,
1412340	1412460	o sea,
1412520	1412920	que estaban abajo
1412920	1413500	de un puente.
1414500	1415100	Todo lleno de barro.
1416440	1417400	Pasamos por la esquina.
1418520	1418880	Subimos.
1418880	1419900	En el cerro,
1420240	1421500	mínimo 10 se cayeron.
1423040	1423520	Mínimo.
1425300	1426020	Y fuimos 20.
1427800	1428840	27 menos menos.
1429080	1430180	31 aproximadamente
1430180	1430560	por ahí.
1430860	1431380	Fuimos varios.
1432180	1432660	Subimos.
1433400	1434060	Se cayeron la mitad.
1435340	1435800	Nos reímos.
1437300	1437580	Después,
1437680	1438380	cuando bajamos,
1438840	1439420	me acuerdo
1439420	1441320	que la cosa
1441320	1441880	de la tubería
1441880	1442580	estaba así,
1442860	1443480	la forma así.
1444080	1445080	Vaya por la esquina.
1445900	1446440	Un montón
1446440	1447840	de gente cayendo
1447840	1448280	tanto.
1450280	1450760	¿Me siento?
1451340	1452220	Nadie se entiendo.
1452440	1452840	Toda la ropa
1452840	1453220	es manchada,
1453280	1453920	iba a roper hasta ahí.
1454300	1455380	Te voy a arreglar cosas.
1455560	1455680	Bueno,
1455820	1456200	me acuerdo
1456200	1457340	que cuando estaba subiendo
1457340	1458320	escuché un grito
1458320	1458900	me asusté
1458900	1459560	y me caí.
1461960	1462600	Qué mal.
1463240	1464100	El pinball.
1464700	1465560	Fue hermoso.
1465780	1466960	Pero lo pasaron bien.
1469420	1476880	Fue un jardín infantil
1476880	1478000	temporal más o menos.
1478240	1479080	Quedaban al lado
1479080	1479600	de mi casa.
1480160	1480880	Quedaban por
1480880	1482100	el apartamento.
1482640	1483140	Abajito
1483140	1484360	había como una sed.
1484560	1485420	Estaba abandonado ya,
1485580	1485740	pero
1485740	1487880	había un jardín.
1488060	1488320	Yo iba.
1489020	1489300	Me acuerdo
1489300	1490740	que había una arañita
1490740	1491920	justo donde yo me sentaba.
1492500	1492720	Le decía
1492720	1493540	y le llamé Pedro.
1495940	1496440	Más o menos.
1496700	1496920	No sé.
1497020	1497540	No me gusta nombrar
1497540	1497860	a ni más.
1499420	1501980	Pero creo que una araña
1501980	1502380	tigre.
1502640	1502860	No sé,
1502940	1503740	siempre la vi de por ahí.
1505580	1506280	Creo que le prestaba
1506280	1507240	atención a la araña.
1508540	1508960	Puede ser.
1508960	1523260	la gacha.
1523520	1524080	La gacha.
1524080	1524100	La gacha.
1524100	1524120	La gacha.
1524120	1525760	La gacha de acá.
1527360	1529520	Y el baño.
1530580	1531260	¿Por qué baño?
1531820	1532980	Hay las faritas.
1533220	1533580	Ah, ya.
1534000	1535280	Después de volver a la jugada,
1535340	1535620	la pelota.
1535620	1535800	Vale.
1538960	1540200	La sala.
1541240	1541880	Por razón de que
1541880	1543260	está como muy encerrado.
1543800	1543980	O sea,
1544080	1544800	yo no soy mucho
1544800	1545580	de estar encerrado
1545580	1547780	sin estar activo.
1547880	1548120	Bien.
1548980	1549580	Soy muy malo
1549580	1549920	para dormir.
1550080	1550480	Y otra cosa.
1551520	1552040	También.
1552680	1553240	¿Para dormir?
1554040	1554360	Sí.
1555080	1555820	A veces de repente
1555820	1556600	me doy un solio
1556600	1557880	o me hago un campamento
1557880	1559480	porque hay unos manchitos
1559480	1560680	y algunas decoraciones
1560680	1562100	de cosas que vamos a tener.
1562840	1563200	Y hay pocas
1563200	1563680	las mantitas
1563680	1564520	y me hago un campamento.
1564580	1565160	¿En tu casa?
1565400	1565640	Sí.
1565640	1566920	Mi pieza.
1568320	1568980	¿Dormes poco?
1569340	1570040	Dormo poquito.
1570520	1571260	¿Cuánto duermes?
1573260	1573620	Sí,
1573780	1574720	cosellora.
1577800	1578680	Hace siete.
1580060	1580560	¿Pero es?
1582560	1582760	Sí.
1583420	1583920	Descansado
1583920	1584540	todo el día.
1584700	1584980	No, no, no.
1586160	1586420	O sea,
1586500	1586940	la mañana,
1587080	1588300	claro que despierto cansado
1588300	1589180	o cualquier cosa.
1589820	1590400	Pero después,
1590480	1591100	a los dos minutos
1591100	1591880	me tomo un té
1591880	1592440	y estoy.
1592600	1592740	Sí.
1593360	1593980	Estoy activo.
1593980	1612400	Todo el mundo.
1623980	1636900	Es que el piso
1636900	1638320	es resbaladizo.
1639340	1639940	Yo hoy me dir
1639940	1640500	como si estuviera
1640500	1641320	dejando en el fútbol
1641320	1641700	o algo así.
1642720	1643120	Una vez,
1643220	1644000	me boté a cinco compañeros.
1644140	1644580	O sea, no.
1644900	1645660	Me boté a un compañero.
1645960	1646380	Cinco veces.
1647460	1648000	Pero a un amigo,
1648180	1648680	a Fernando,
1648840	1649740	a un amigo de confianza,
1649860	1650760	de repente nos molestamos.
1650760	1651640	¿Qué nos vamos a buscar?
1653980	1656340	Ticho lo pasaba un terrible bien.
1657960	1658980	Sí, la mayoría de las cosas
1658980	1659940	que hacemos es molestarnos
1659940	1660360	de repente.
1661040	1662000	Tenemos una confesa más
1662000	1664020	a contacto físico.
1664440	1666320	En el sentido de...
1666320	1667000	No hay tanto abrazo,
1667060	1667300	pero sí.
1668680	1669700	Bueno, mi punto es.
1670160	1671120	El piso está resbaladizo
1671120	1672220	y eso es muy bueno para mí.
1673300	1673980	A veces me pongo a hacer...
1675100	1675560	Como va a hacerlo
1675560	1676620	de allá en Canadá,
1676700	1678100	donde en el hielo
1678100	1678700	patinan.
1679000	1679280	¿Ya?
1679680	1680500	A veces patino,
1680500	1681120	no sé por qué.
1682800	1683500	Parece algo como...
1685500	1686100	¿Sí?
1687080	1687320	¿Sí?
1688860	1689880	Como una barrida.
1690420	1690640	Barriga.
1692720	1693860	Lo podría hacer acá.
1693860	1707180	A veces,
1707480	1707680	o sea,
1707740	1708140	de repente,
1708380	1710340	por lo general,
1710620	1711960	no lo hago muy frecuentemente.
1713300	1713840	Aparte que lo hacemos
1713840	1714320	en un área
1714320	1715300	y que el profe
1715300	1716060	está en un área
1716060	1716780	medio libre
1716780	1718160	porque a veces
1718160	1718940	ya tenemos
1718940	1720020	toda la actividad hecha
1720020	1721880	o los compañeros
1721880	1722620	están haciendo otras cosas.
1722620	1724220	Así que no es
1724220	1724980	con un tiempo libre.
1726420	1727620	Y ahí...
1727620	1729620	Salen bien.
1744020	1744540	Depende
1744540	1746320	lo que quieran vender.
1752620	1757620	A ver...
1758160	1758620	A ver...
1760140	1760420	¿Cómo?
1769620	1770220	Sí, no.
1771160	1772100	Es que depende...
1772100	1772500	¿Qué sea?
1772900	1773720	Si es de fútbol,
1773900	1774600	estoy más que agradecido.
1774680	1775620	De cosas físicas...
1775620	1776660	Estaría bueno
1776660	1777020	que me metiera
1777020	1777500	en una materia
1777500	1778780	que tenga que ver con...
1778780	1779960	Creo que sería historia
1779960	1780660	a media.
1782000	1782860	O que tenga que ver
1782860	1783940	con...
1783940	1785420	Con defensa,
1785540	1786840	algo así como más...
1786840	1787740	A contacto físico
1787740	1788620	de defender...
1788620	1789420	Defender...
1789420	1791080	Porque siento
1791080	1791880	que están muy malas
1791880	1792320	las cosas
1792320	1792820	y que...
1792820	1793760	Hay que aprender algo.
1798520	1798920	Sí.
1801140	1801820	Mi hermano
1801820	1802720	una vez le robaron...
1802720	1803460	Bueno...
1803460	1804020	El que le robó
1804020	1804780	era súper amable.
1804900	1805940	Nos contó.
1807520	1807880	Después
1807880	1809620	lo que pasó con...
1810620	1811440	Que parió
1811440	1812260	la noticia.
1812660	1813560	Mi papá ve noticias.
1813760	1814260	Yo lo apoyo.
1815700	1816340	Y...
1816340	1816880	De repente
1816880	1817620	vemos...
1818620	1819920	O dicen
1819920	1821280	que hay un portonazo,
1821440	1822760	mataron a un niño,
1823120	1823500	una guagua
1823500	1825200	se le atropellar...
1825200	1825980	Esas tres.
1828860	1829140	Sí.
1829540	1829720	O sea,
1829800	1830440	no es otro.
1830720	1831260	Me preocupo
1831260	1831880	en cómo le está
1831880	1832440	a la situación
1832440	1833040	en el país.
1835160	1835600	Y después
1835600	1836500	que los dejen libres
1836500	1837560	al segundo día,
1837760	1838720	a la hora.
1846940	1847380	Sí.
1847380	1854800	La pregunta es
1854800	1855140	¿de qué?
1855420	1855940	Pero...
1855940	1856460	Es que yo me llevo
1856460	1857260	muy bien con todos.
1857360	1857860	No soy de algo
1857860	1858600	conflictivo.
1860480	1860840	Ok.
1861380	1861860	Yo me llevo
1861860	1862560	bastante bien
1862560	1862980	con todos.
1863100	1863420	Soy bastante
1863420	1864100	sociable.
1864460	1864940	Conozco
1864940	1865640	medio mundo.
1865640	1868320	Tengo una vez
1868320	1869400	porque estaba...
1869400	1869820	Fui a la playa
1869820	1870560	con mi hermano.
1872300	1872660	Fuimos.
1872980	1873400	Había un niño
1873400	1874000	haciendo castillo.
1874080	1874440	Le pregunté
1874440	1874840	¿te ayudo?
1876200	1876500	Dale.
1876760	1877220	Y ahí hicimos
1877220	1877980	una base.
1878480	1878880	Al minuto
1878880	1879300	se destruyó
1879300	1879800	por una ola.
1882440	1883420	Yo me acuerdo
1883420	1883960	que creo
1883960	1884280	que estábamos
1884280	1885120	atrás de las tincheras,
1885120	1885260	¿sí?
1886720	1886960	Bueno,
1887020	1887240	no sé,
1887300	1888540	para Normandía.
1889520	1891020	El día de...
1891020	1891360	Venga.
1891360	1891460	Venga.
1895640	1897640	No.
1915500	1915760	O sea,
1915820	1916380	ahí me da más
1916380	1916900	clases de educación
1916900	1917880	física básica,
1917880	1918340	pero hasta ahí.
1918340	1919040	Ya me quedó clara.
1922680	1923120	Sí.
1923500	1924140	Sería muy bueno.
1924900	1925580	¿Qué es el fin?
1925640	1926300	El físico niño
1926300	1926720	prekíndese
1926720	1927340	sería más o menos
1927340	1929260	físico-culturista.
1930860	1931860	Pero...
1931860	1935440	A mí no me gusta
1935440	1935900	el lenguaje
1935900	1936600	y no me quejo.
1938300	1938700	Mire,
1938800	1939800	¿sabes qué
1939800	1940340	estaría bueno?
1941460	1942300	Que como
1942300	1943220	la tercera hora,
1943680	1944200	segunda hora,
1944260	1944780	donde los chicos
1944780	1945620	están más activos,
1945920	1946800	no están cansados,
1946900	1948020	no vienen de flujer.
1949320	1949680	Tipo,
1949680	1950680	día jueves
1950680	1952400	y día miércoles
1952400	1953400	los vienen no.
1953400	1955980	De esos dos días
1955980	1956520	deberían haber
1956520	1957420	educación física.
1959240	1959500	Claro,
1959640	1960700	así como para nuestro curso
1960700	1961800	o para otros cursos
1961800	1962740	que sea día Marte,
1962820	1963140	algo así.
1963280	1964080	Que vayas intercambiando,
1964160	1964980	que vayas intercambiando.
1967940	1968280	O sea,
1968380	1969020	así como para
1969020	1970300	estar activo,
1970400	1971700	para tener buen
1971700	1972660	cardio y cualquier cosa.
1972660	1974120	es súper bueno.
1980120	1982880	Lo único que tenés que hacer
1982880	1984860	es hacer lo que tenés que hacer
1984860	1986120	y estar...
1986120	1997240	Dice,
1997460	1998340	nunca tu papá
2002660	2005980	no tengo nada.
2008060	2008260	Sí,
2008340	2008700	bastante.
2009900	2010640	No he tenido bastante.
2011340	2011780	Octavo,
2011900	2012820	también me está yendo bien.
2012840	2014220	¿Cuáles son las notaciones positivas?
2014220	2015640	Me han llevado notaciones positivas
2015640	2016040	por...
2016040	2016260	De hecho,
2016440	2017500	creo que este año
2017500	2019120	me pusieron notaciones positivas
2019120	2019780	por barrer acá
2019780	2021000	con el Fernando,
2021520	2021860	la Marina,
2022100	2022380	la Ignacia.
2023040	2023560	Los cuatro
2023560	2024440	y el Bastián,
2024620	2025420	uno de primero a medio.
2025900	2026820	Estábamos los cuatro acá
2026820	2027380	barriendo.
2027840	2028540	Nos quedó limpio,
2028760	2029100	lindo.
2029360	2030360	¿Y eso fue por decisión?
2030360	2031000	Segundo día,
2031100	2031820	sopló el mundo
2031820	2033100	y quedaron cualquier hoja.
2034260	2034420	Sí,
2034460	2035400	fue de decisión propia,
2035540	2035800	no sé,
2035940	2036640	nos pusimos a barrer.
2038760	2040220	Está medio sucio.
2040360	2040640	¿Barremos?
2040860	2040980	Ya.
2043220	2044100	Estuvimos media hora.
2045100	2045960	Nos tomamos dos días.
2052760	2053160	Sí,
2053360	2053900	de repente,
2054340	2055480	a mí no sé
2055480	2055980	qué ocurre,
2056060	2056560	no hay idea,
2056840	2057700	y por lo general
2057700	2058400	no sale bien.
2058820	2059480	Por lo general,
2059600	2060000	no siempre.
2060360	2066220	es un duro.
2072280	2073380	¿O líder entero?
2073580	2073760	No,
2073840	2074660	líder entero no.
2075260	2076720	Soy mejor siguiendo orden.
2077200	2077540	Ya.
2078460	2079280	Y lo cumplo bien.
2082340	2083120	De repente,
2083240	2084000	me sale un liderazgo.
2084000	2084600	Sí.
2084600	2084820	Sí.
2084820	2104740	Este es uno,
2104740	2105480	dos,
2105480	2105860	tres,
2106000	2106220	claro.
2107220	2107880	Está el profe,
2107980	2108660	sería el primero,
2108880	2109680	acá está la puerta.
2109680	2112720	ahí está la manecilla,
2113060	2113980	hacer la ventana.
2114200	2114280	Ok.
2115960	2116340	Después,
2118080	2119280	como 40
2119280	2120440	o 38,
2120780	2121080	por ahí.
2121480	2122440	Si fueran unos compañeros,
2122940	2123620	39.
2126000	2127040	Solo uno espacio,
2127140	2127760	nomás está solo,
2127880	2128340	ya está ahí.
2128340	2128500	Ya.
2129500	2129920	Está llena.
2130120	2131200	Aquí es Martín
2131200	2132160	y el Cristóbal.
2133140	2133540	Ajá.
2134340	2135640	Esta sería la segunda fila.
2137260	2137580	Aquí.
2139780	2140420	Tres filas.
2140540	2140640	Sí.
2142260	2142780	Tres filas.
2142780	2143080	Ajá.
2144180	2145020	Acá está la pared.
2145820	2146160	Ya.
2146560	2147800	Aquí está el otro curso.
2148360	2149040	¿Dónde está la ventana?
2149940	2150180	Sí,
2150240	2151160	aquí están las ventanitas,
2151300	2151480	tal.
2151880	2152260	Ajá.
2152260	2157560	Después,
2158020	2158760	aquí estaba
2158760	2160060	el Mati,
2160140	2160720	la Versa B.
2160900	2161140	Ya.
2162840	2163720	Está el
2163720	2164980	Diago,
2165500	2166140	el Vico,
2166800	2170200	el Borque y el Diego,
2170520	2171540	el Diego y el Borque.
2172800	2173560	Aquí estaban.
2175300	2175860	Aquí no me acuerdo
2175860	2176380	quién estaban.
2176380	2182680	Ya me acuerdo.
2183600	2184040	Diego,
2184620	2187380	el Nico estaba acá atrás
2187380	2189000	con el Martín Leiva.
2191100	2191540	No me acuerdo
2191540	2192220	quién estaba acá.
2193600	2193740	Ya,
2193800	2194400	pero no importa.
2194820	2195040	Bueno,
2195120	2195540	acá hay dos puestas.
2195540	2196620	Con lo menos nos puesta.
2197020	2197380	Son
2197380	2198340	tres,
2198500	2198660	seis.
2198960	2199060	No,
2199100	2199260	siete.
2199380	2199560	Bien.
2199980	2200580	Siete puestas.
2200940	2201720	Siete puestas.
2202020	2202860	Acá hay dos.
2204400	2204620	No.
2205120	2205420	Ocho.
2205420	2206240	Cotando al perro.
2206240	2206520	Ocho.
2206720	2207320	Ocho.
2207320	2207680	Ocho.
2207680	2207920	Ocho.
2207920	2208260	Ocho.
2208260	2208700	Ocho.
2208700	2208920	Ocho.
2212920	2213880	Tienen como las colores.
2231820	2232820	Me estoy confundiendo.
2232820	2234740	Tres,
2235080	2235440	cuatro.
2237040	2237440	Seis,
2237440	2237940	siete,
2238140	2238480	ocho.
2241840	2242020	Sí.
2242980	2243240	Ya.
2244100	2244720	La cuatro,
2245200	2245760	la cinco,
2247020	2247660	seis.
2249560	2249760	Ahí está.
2250060	2251040	¿Y tú dónde estás?
2251520	2252280	Se supone que estoy acá.
2253020	2253260	Ya.
2253580	2254060	Ahí estoy yo.
2254220	2254760	Aquí está el Diego,
2255140	2255580	Fernando,
2256320	2256520	Nico,
2256600	2256760	nadie,
2256760	2257100	y el López.
2257100	2257980	Todos ellos son todos amigos.
2259820	2260000	O sea,
2260060	2260180	sí,
2260280	2260880	el Fernando,
2261060	2261760	el Diego y,
2262080	2262200	bueno,
2262300	2263400	la mediría en todo el curso,
2263500	2263820	más o menos.
2265120	2265960	No me relaciono,
2266340	2266920	no muy,
2267060	2268020	en el sentido de muy bien,
2268080	2269060	así como que me llevo mal,
2269180	2269380	pero.
2283780	2285060	¿Cuáles eran estos dos stickers?
2285060	2285100	¿Cuáles eran estos dos stickers?
2287100	2289100	Sí.
2293820	2294820	Me lo robaron.
2299000	2299660	No me aburro.
2304040	2304800	¿Cómo lo sé?
2305340	2305640	Sí,
2305900	2306260	no sé.
2306680	2307160	¿Cuál fue?
2307160	2307280	¿Cuál fue?
2307280	2307360	¿Cuál fue?
2307360	2307440	¿Cuál fue?
2307440	2307480	¿Cuál fue?
2307480	2307540	¿Cuál fue?
2307540	2307560	¿Cuál fue?
2307560	2307780	¿Cuál fue?
2318000	2318380	¿Cuál fue?
2323260	2323360	¿Cuál fue?
2323360	2324180	¿Cuál fue?
2324240	2325440	¿Cuál fue?
2325440	2325680	¿Cuál fue?
2333840	2334840	¿Cuál fue?
2334840	2337140	No sé, por ponerle
2337140	2338660	Me aburro, es el problema
2338660	2355480	Me aburro, y no sé qué emoción significa aburrirse
2359480	2361320	Me aburro
2364840	2374140	Me aburro
2374140	2374600	Me aburro
2374600	2375340	Me aburro
2375340	2386120	Vamos, vamos, vamos
2386120	2387220	Postemos
2394840	2424820	No, no, no, no, no, no, no, no.
2424840	2454820	No, no, no.
